  <?xml version="1.0" encoding="ISO-8859-1" standalone="no"?>
  <!DOCTYPE toc PUBLIC "-//Sun Microsystems Inc.//DTD JavaHelp TOC Version 1.0//EN" "http://java.sun.com/products/javahelp/toc_1_0.dtd">
<!--
COPYRIGHT STATEMENT:
   © The National Archives 2005-2006.  All rights reserved.
   See Licence.txt for full licence details.

DESCRIPTION:
	The table of contents file for JavaHelp to be used in FFIT.  	
UPDATE RECORD:
Date		Version		Who			Comment
06-Apr-2005   	V1.R0.M0    	S.Malik (Tessella)    	Created
25-Apr-2005     V1.R0.M1        M.Waller (Tessella)     Review help documents
-->
  <toc version="1.0">
    <tocitem target="Simple" text="Digital Record Object IDentification Help">
      
	<tocitem target="Contents" text="Contents"/>
	<tocitem target="GettingStarted" text="Getting started">
            <tocitem target="Overview" text="Overview"/>
            <tocitem target="QuickStart" text="Quick start"/>
        </tocitem>
	<tocitem target="FileList" text="Managing the file list">
            <tocitem target="AddToList" text="Adding files to the list"/>
            <tocitem target="RemoveFromList" text="Removing files from the list"/>
            <tocitem target="OpenList" text="Opening a saved list"/>
            <tocitem target="SaveList" text="Saving the file list"/>
            <tocitem target="ExportingLists" text="Exporting the file list to CSV"/>
        </tocitem>
	<tocitem target="IdentifyFiles" text="File format identification">
            <tocitem target="ControlExecution" text="Controlling execution"/>
            <tocitem target="DisplayResults" text="Displaying the results"/>
            <tocitem target="SaveListRes" text="Saving the results"/>
            <tocitem target="OpenListRes" text="Viewing saved results"/>
            <tocitem target="ExportingListsRes" text="Exporting the results to CSV"/>
            <tocitem target="Printing" text="Printing"/>
        </tocitem>
	<tocitem target="SignatureFile" text="The PRONOM signature file">
            <tocitem target="SignatureFileWhatIsIt" text="What is it?"/>
            <tocitem target="SignatureFileDownload" text="Downloading a signature file"/>
        </tocitem>
	<tocitem target="CommandLine" text="Running DROID from the command line">
            <tocitem target="CommandLineExecution" text="Launching DROID from the command line"/>
            <tocitem target="CommandLineOptions" text="Available options"/>
        </tocitem>
	     	
     
    </tocitem>
  </toc>